RECLAMAÇÕES 2021 - JAN/AGO;;;;;
;;;;;
Data de entrada;Região;Razão Social;Área;Status da Reclamação;Proveniência
02/01/2021;ZONA SUL;BLUEFIT ACADEMIA DE GINASTICA E PARTICIPAÇOES LTDA;Serviços Privados;CONCLUÍDA;Online
02/01/2021;ZONA SUL;ZARA BRASIL LTDA;Produtos;FINALIZADA;Online
03/01/2021;ZONA SUL;ELECTRONIC ARTS LTDA.;Produtos;CONCLUÍDA;Online
04/01/2021;ZONA LESTE;123 VIAGENS E TURISMO LTDA.;Serviços Privados;FINALIZADA;Online
05/01/2021;ZONA LESTE;MINDSET INSTITUTE LTDA;Serviços Privados;FINALIZADA;Online
05/01/2021;CENTRO;AUTO POSTO ITABRAS LTDA;Serviços Privados;CONCLUÍDA;Online
05/01/2021;ZONA LESTE;CONUBE CONTABILIDADE E SERVICOS ADMINISTRATIVOS LTDA.;Serviços Privados;CONCLUÍDA;Online
05/01/2021;CENTRO;AUTO POSTO ITABRAS LTDA;Serviços Privados;FINALIZADA;Online
05/01/2021;ZONA LESTE;BANCO ITAUCARD S.A.;Assuntos Financeiros;CONCLUÍDA;Online
05/01/2021;ZONA OESTE;EMPREENDIMENTOS PAGUE MENOS S/A;Produtos;CONCLUÍDA;Online
06/01/2021;ZONA SUL;DECOLAR. COM LTDA.;Serviços Privados;CONCLUÍDA;Online
08/01/2021;CENTRO;SBF COMERCIO DE PRODUTOS ESPORTIVOS S.A;Produtos;CONCLUÍDA;Online
08/01/2021;ZONA NORTE;CIA DE SANEAMENTO BASICO DO ESTADO DE SAO PAULO SABESP;Serviços Essenciais;FINALIZADA;Online
11/01/2021;FORA DA CIDADE DE SÃO PAULO;VIA VAREJO S/A;Produtos;CONCLUÍDA;Online
11/01/2021;FORA DA CIDADE DE SÃO PAULO;INFOAR COMERCIO E SERVICOS EM AR CONDICIONADO E INFORMATICA EIRELI;Serviços Privados;CONCLUÍDA;Online
11/01/2021;ZONA NORTE;CASA EDUCACAO SOLUCOES EDUCACIONAIS LTDA;Serviços Privados;FINALIZADA;Online
13/01/2021;ZONA SUL;PEIXE URBANO WEB SERVICOS DIGITAIS LTDA;Serviços Privados;CONCLUÍDA;Online
14/01/2021;CENTRO;TELEFONICA BRASIL S.A.;Serviços Essenciais;FINALIZADA;Online
14/01/2021;FORA DA CIDADE DE SÃO PAULO;VULCABRAS AZALEIA - SP, COMERCIO DE ARTIGOS ESPORTIVOS LTDA.;Produtos;CONCLUÍDA;Online
14/01/2021;ZONA SUL;MADEIRAMADEIRA COMERCIO ELETRONICO S/A;Produtos;CONCLUÍDA;Online
15/01/2021;ZONA SUL;CONNECT GUN COMERCIO, IMPORTACAO E SERVICOS EIRELI;Produtos;FINALIZADA;Online
15/01/2021;ZONA LESTE;COOPERATIVA DE ECONOMIA E CREDITO MUTUO SICOOB COOPERCREDI-SP;Serviços Privados;CONCLUÍDA;Online
15/01/2021;ZONA LESTE;ASSOCIACAO BRASILEIRA DOS PROFISSIONAIS DE SEGURANCA USUARIOS DE TELEFONIA MOVEL CORPORATIVA - ASERP;Serviços Privados;CONCLUÍDA;Online
15/01/2021;CENTRO;VISA DO BRASIL EMPREENDIMENTOS LTDA;Serviços Privados;CONCLUÍDA;Online
17/01/2021;ZONA NORTE;SUL AMERICA COMPANHIA DE SEGURO SAUDE;Assuntos Financeiros;FINALIZADA;Online
18/01/2021;ZONA SUL;ISNOW SERVICOS DE INSTALACOES E MONTAGENS LTDA;Serviços Privados;FINALIZADA;Online
18/01/2021;ZONA NORTE;RESERVA ADMINISTRADORA DE CONSORCIO LTDA;Assuntos Financeiros;FINALIZADA;Online
19/01/2021;ZONA SUL;SLEEP CENTER COMERCIO DE COLCHOES EIRELI;Produtos;CONCLUÍDA;Online
20/01/2021;ZONA LESTE;TIM S A;Serviços Essenciais;CONCLUÍDA;Online
21/01/2021;ZONA SUL;BELEZA.COM COMERCIO DE PRODUTOS DE BELEZA E SERVICOS DE CABELEIREIROS S.A.;Produtos;CANCELADA PELO CONSUMIDOR;Online
22/01/2021;ZONA SUL;PMFLEX COMERCIO DE MOVEIS EIRELI;Produtos;FINALIZADA;Online
25/01/2021;ZONA LESTE;BANCO CSF S/A;Assuntos Financeiros;CONCLUÍDA;Online
27/01/2021;FORA DA CIDADE DE SÃO PAULO;123 VIAGENS E TURISMO LTDA.;Serviços Privados;CONCLUÍDA;Online
27/01/2021;ZONA NORTE;ORGANIZACAO IMOBILIARIA CARVALHO LTDA;Serviços Privados;CONCLUÍDA;Online
27/01/2021;ZONA OESTE;UBER DO BRASIL TECNOLOGIA LTDA.;Serviços Privados;FINALIZADA;Online
27/01/2021;ZONA SUL;QUALICONSIG PROMOTORA DE VENDAS LTDA;Serviços Privados;CONCLUÍDA;Online
28/01/2021;ZONA LESTE;CANAL DO REI LTDA;Produtos;CANCELADA PELO CONSUMIDOR;Online
29/01/2021;CENTRO;BANCO BRADESCO S.A.;Assuntos Financeiros;CONCLUÍDA;Online
01/02/2021;ZONA NORTE;EDITORA FTD S A;Produtos;CONCLUÍDA;Online
01/02/2021;ZONA OESTE;PORTS TREINAMENTOS E CONSULTORIA LTDA;Serviços Privados;CONCLUÍDA;Online
01/02/2021;ZONA LESTE;FEDEX BRASIL LOGISTICA E TRANSPORTE LTDA;Serviços Privados;CANCELADA PELO CONSUMIDOR;Online
03/02/2021;CENTRO;BOA VISTA SERVICOS S.A.;Serviços Privados;CONCLUÍDA;Online
05/02/2021;ZONA NORTE;MERCADOLIVRE.COM ATIVIDADES DE INTERNET LTDA;Serviços Privados;CONCLUÍDA;Online
08/02/2021;ZONA LESTE;CAIXA ECONOMICA FEDERAL;Assuntos Financeiros;CONCLUÍDA;Online
11/02/2021;ZONA LESTE;VIA VAREJO S/A;Produtos;CANCELADA PELO CONSUMIDOR;Online
11/02/2021;ZONA OESTE;ARCOS DOURADOS COMERCIO DE ALIMENTOS SA;Produtos;FINALIZADA;Online
12/02/2021;FORA DA CIDADE DE SÃO PAULO;EMPRESA BRASILEIRA DE CORREIOS E TELEGRAFOS;Serviços Essenciais;CONCLUÍDA;Online
15/02/2021;ZONA SUL;CASA ZOOM DESIGN ME;Serviços Privados;CONCLUÍDA;Online
15/02/2021;ZONA OESTE;ELETROPAULO METROPOLITANA ELETRICIDADE DE SAO PAULO S.A.;Serviços Essenciais;CONCLUÍDA;Online
16/02/2021;ZONA OESTE;PORTS TREINAMENTOS E CONSULTORIA LTDA;Serviços Privados;FINALIZADA;Online
19/02/2021;ZONA OESTE;FORMULA 1 PRIME SERVIÇOS AUTOMOTIVOS ME;Serviços Privados;FINALIZADA;Online
19/02/2021;ZONA NORTE;BANCO SANTANDER (BRASIL) S.A.;Assuntos Financeiros;CONCLUÍDA;Online
21/02/2021;ZONA SUL;PAPITO IMPORTS OFICIAL ME;Produtos;CONCLUÍDA;Online
22/02/2021;ZONA NORTE;CD PROJEKT RED;Produtos;CONCLUÍDA;Online
23/02/2021;ZONA LESTE;Z.A. DIGITAL DE SAO PAULO SISTEMA DE ESTACIONAMENTO ROTATIVO S.A.;Serviços Privados;CONCLUÍDA;Online
23/02/2021;FORA DA CIDADE DE SÃO PAULO;SMARTFIT ESCOLA DE GINASTICA E DANCA S.A;Serviços Privados;CONCLUÍDA;Online
01/03/2021;FORA DA CIDADE DE SÃO PAULO;AURORA BEAUTE FEM COMERCIO DE ARTIGOS DE VESTUARIO LTDA;Produtos;FINALIZADA;Online
01/03/2021;ZONA NORTE;CLARO S.A.;Serviços Essenciais;CONCLUÍDA;Online
01/03/2021;FORA DA CIDADE DE SÃO PAULO;EMPORIO MARQUES COMERCIO DE BEBIDAS FINAS EIRELI;Produtos;CONCLUÍDA;Online
02/03/2021;FORA DA CIDADE DE SÃO PAULO;BANCO BRADESCO S.A.;Assuntos Financeiros;CONCLUÍDA;Online
02/03/2021;CENTRO;LEROY MERLIN COMPANHIA BRASILEIRA DE BRICOLAGEM;Produtos;CONCLUÍDA;Online
02/03/2021;FORA DA CIDADE DE SÃO PAULO;BANCO C6 S.A.;Assuntos Financeiros;CONCLUÍDA;Online
02/03/2021;ZONA LESTE;MIDWAY S.A.- CREDITO, FINANCIAMENTO E INVESTIMENTO;Assuntos Financeiros;CONCLUÍDA;Online
03/03/2021;ZONA LESTE;FUSAO SERRALHERIA ARTISTICA EIRELI;Serviços Privados;FINALIZADA;Online
03/03/2021;ZONA OESTE;NU PAGAMENTOS S.A.;Assuntos Financeiros;CONCLUÍDA;Online
03/03/2021;ZONA OESTE;BANCO SANTANDER (BRASIL) S.A.;Assuntos Financeiros;CONCLUÍDA;Online
04/03/2021;ZONA LESTE;ELECTROLUX DO BRASIL S/A;Produtos;CONCLUÍDA;Online
06/03/2021;ZONA SUL;ITAPEVA RECUPERACAO DE CREDITOS LTDA.;Serviços Privados;CONCLUÍDA;Online
07/03/2021;ZONA SUL;BANCO DAYCOVAL S.A.;Assuntos Financeiros;CONCLUÍDA;Online
07/03/2021;ZONA LESTE;ELETROPAULO METROPOLITANA ELETRICIDADE DE SAO PAULO S.A.;Serviços Essenciais;CONCLUÍDA;Online
08/03/2021;FORA DA CIDADE DE SÃO PAULO;MERCADOPAGO.COM REPRESENTACOES LTDA.;Serviços Privados;CONCLUÍDA;Online
09/03/2021;ZONA LESTE;TITANIUM PUBLICACOES E EDITORA LTDA;Serviços Privados;CONCLUÍDA;Online
09/03/2021;ZONA LESTE;L.A.M. FOLINI;Serviços Privados;CONCLUÍDA;Online
09/03/2021;ZONA LESTE;FUNDACAO DOM AGUIRRE;Serviços Privados;CONCLUÍDA;Online
10/03/2021;FORA DA CIDADE DE SÃO PAULO;LEROY MERLIN COMPANHIA BRASILEIRA DE BRICOLAGEM;Produtos;CONCLUÍDA;Online
10/03/2021;ZONA SUL;TIM S A;Serviços Privados;CONCLUÍDA;Online
11/03/2021;ZONA SUL;BANCO SANTANDER (BRASIL) S.A.;Assuntos Financeiros;CONCLUÍDA;Online
12/03/2021;ZONA LESTE;DESINCHA COMERCIO DE PRODUTOS NATURAIS LTDA.;Produtos;CONCLUÍDA;Online
15/03/2021;CENTRO;LEROY MERLIN COMPANHIA BRASILEIRA DE BRICOLAGEM;Produtos;CONCLUÍDA;Online
15/03/2021;FORA DA CIDADE DE SÃO PAULO;P R DA SILVA URSINI COMERCIO DE INFORMATICA;Serviços Privados;CONCLUÍDA;Online
15/03/2021;ZONA LESTE;DMCARD PROCESSAMENTO DE DADOS E CENTRAL DE ATENDIMENTO LTDA;Serviços Privados;FINALIZADA;Online
15/03/2021;ZONA LESTE;PORTOSEG S/A - CREDITO, FINANCIAMENTO E INVESTIMENTO;Assuntos Financeiros;CONCLUÍDA;Online
15/03/2021;ZONA SUL;MAGAZINE LUIZA S/A;Produtos;CONCLUÍDA;Online
15/03/2021;ZONA LESTE;CIA DE SANEAMENTO BASICO DO ESTADO DE SAO PAULO SABESP;Serviços Essenciais;CONCLUÍDA;Online
18/03/2021;ZONA LESTE;BRADESCO ADMINISTRADORA DE CONSORCIOS LTDA.;Assuntos Financeiros;CONCLUÍDA;Online
19/03/2021;FORA DA CIDADE DE SÃO PAULO;WIRECARD BRAZIL S.A.;Serviços Privados;CONCLUÍDA;Online
20/03/2021;ZONA LESTE;ADRIANA DA CONCEIÇÃO SANTOS - PF;Serviços Privados;CONCLUÍDA;Online
20/03/2021;ZONA NORTE;MERCADOPAGO.COM REPRESENTACOES LTDA.;Serviços Privados;CONCLUÍDA;Online
21/03/2021;ZONA LESTE;BB ADMINISTRADORA DE CONSORCIOS S.A.;Assuntos Financeiros;CONCLUÍDA;Online
22/03/2021;ZONA NORTE;LOJAS AMERICANAS S.A.;Produtos;CONCLUÍDA;Online
22/03/2021;ZONA SUL;APPLE COMPUTER BRASIL LTDA;Produtos;CONCLUÍDA;Online
22/03/2021;FORA DA CIDADE DE SÃO PAULO;AMIL ASSISTENCIA MEDICA INTERNACIONAL S.A.;Saúde;CONCLUÍDA;Online
22/03/2021;ZONA SUL;SHPS TECNOLOGIA E SERVICOS LTDA.;Serviços Privados;CANCELADA PELO CONSUMIDOR;Online
22/03/2021;ZONA LESTE;CLARO S.A.;Serviços Essenciais;CONCLUÍDA;Online
24/03/2021;ZONA LESTE;PAULISTA SAUDE S/A;Saúde;CONCLUÍDA;Online
25/03/2021;CENTRO;RECOVERY DO BRASIL CONSULTORIA S.A;Serviços Privados;CONCLUÍDA;Online
25/03/2021;ZONA SUL;MOBLY COMERCIO VAREJISTA LTDA.;Produtos;CONCLUÍDA;Online
26/03/2021;ZONA SUL;WMAQ;Serviços Privados;CONCLUÍDA;Online
26/03/2021;ZONA LESTE;123 VIAGENS E TURISMO LTDA.;Serviços Privados;FINALIZADA;Online
27/03/2021;ZONA OESTE;AVANTI CNH EIRELI;Serviços Privados;CONCLUÍDA;Online
29/03/2021;ZONA SUL;NAO INFORMADO;Serviços Privados;CONCLUÍDA;Online
30/03/2021;FORA DA CIDADE DE SÃO PAULO;SKY SERVICOS DE BANDA LARGA LTDA.;Serviços Privados;CONCLUÍDA;Online
30/03/2021;FORA DA CIDADE DE SÃO PAULO;GOTOGATE AGENCIA DE VIAGENS LTDA;Serviços Privados;CONCLUÍDA;Online
30/03/2021;ZONA SUL;ATACADAO S.A.;Produtos;CONCLUÍDA;Online
31/03/2021;ZONA SUL;UNIVERSO ONLINE S/A;Serviços Privados;CANCELADA PELO CONSUMIDOR;Online
31/03/2021;ZONA SUL;MOBLY COMERCIO VAREJISTA LTDA.;Produtos;CONCLUÍDA;Online
31/03/2021;ZONA OESTE;PICPAY SERVICOS S.A;Assuntos Financeiros;CONCLUÍDA;Online
31/03/2021;FORA DA CIDADE DE SÃO PAULO;CAIXA ECONOMICA FEDERAL;Assuntos Financeiros;CANCELADA PELO CONSUMIDOR;Online
01/04/2021;FORA DA CIDADE DE SÃO PAULO;PLUMATEX COLCHOES INDUSTRIAL LIMITADA;Produtos;CONCLUÍDA;Online
01/04/2021;ZONA SUL;DAVO SUPERMERCADOS LTDA;Produtos;CONCLUÍDA;Online
02/04/2021;NÃO INFORMADO;HYUNDAI CAOA DO BRASIL LTDA;Serviços Privados;CONCLUÍDA;Online
05/04/2021;ZONA SUL;DAVO SUPERMERCADOS LTDA;Produtos;CONCLUÍDA;Online
05/04/2021;ZONA NORTE;MAX DISTRIBUIDORA DE ELETRONICOS LTDA;Produtos;FINALIZADA;Online
06/04/2021;NÃO INFORMADO;FUNDO DE INVESTIMENTO EM DIREITOS CREDITORIOS MULTSEGMENTOS NPL IPANEMA VI ;Serviços Privados;CONCLUÍDA;Online
06/04/2021;FORA DA CIDADE DE SÃO PAULO;TIM S A;Serviços Essenciais;CONCLUÍDA;Online
06/04/2021;FORA DA CIDADE DE SÃO PAULO;ADMINISTRADORA DE CARTAO DE DESCONTO CARTAO DE TODOS LTDA;Assuntos Financeiros;CONCLUÍDA;Online
07/04/2021;FORA DA CIDADE DE SÃO PAULO;FLYTOUR AGENCIA DE VIAGENS E TURISMO LTDA.;Serviços Privados;CONCLUÍDA;Online
10/04/2021;ZONA OESTE;EMPRESA BRASILEIRA DE CORREIOS E TELEGRAFOS;Serviços Essenciais;CONCLUÍDA;Online
11/04/2021;FORA DA CIDADE DE SÃO PAULO;CARREFOUR COMERCIO E INDUSTRIA LTDA;Produtos;CONCLUÍDA;Online
11/04/2021;CENTRO;TELEFONICA BRASIL S.A.;Serviços Essenciais;CONCLUÍDA;Online
12/04/2021;FORA DA CIDADE DE SÃO PAULO;IBC - INSTITUTO BRASILEIRO DE CULTURA LTDA.;Produtos;CONCLUÍDA;Online
12/04/2021;ZONA SUL;BANCO DAYCOVAL S.A.;Assuntos Financeiros;CONCLUÍDA;Online
12/04/2021;FORA DA CIDADE DE SÃO PAULO;SOCIEDADE CAMPINEIRA DE EDUCACAO E INSTRUCAO;Serviços Privados;CONCLUÍDA;Online
13/04/2021;FORA DA CIDADE DE SÃO PAULO;KALUNGA SA;Produtos;CONCLUÍDA;Online
13/04/2021;FORA DA CIDADE DE SÃO PAULO;TIM S A;Serviços Essenciais;CONCLUÍDA;Online
13/04/2021;FORA DA CIDADE DE SÃO PAULO;NOTRE DAME INTERMÉDICA SAÚDE S.A.;Saúde;CONCLUÍDA;Online
13/04/2021;ZONA NORTE;SMARTFIT ESCOLA DE GINASTICA E DANCA S.A;Não Informado;CONCLUÍDA;Online
14/04/2021;ZONA OESTE;MAGAZINE LUIZA S/A;Produtos;CONCLUÍDA;Online
14/04/2021;ZONA OESTE;KABUM COMERCIO ELETRONICO S.A.;Produtos;CONCLUÍDA;Online
15/04/2021;FORA DA CIDADE DE SÃO PAULO;PEFISA SA CREDITO FINANCIAMENTO E INVESTIMENTO;Assuntos Financeiros;CONCLUÍDA;Online
16/04/2021;ZONA OESTE;123 VIAGENS E TURISMO LTDA.;Serviços Privados;CONCLUÍDA;Online
16/04/2021;ZONA SUL;SAMSUNG ELETRONICA DA AMAZONIA LTDA;Produtos;CONCLUÍDA;Online
16/04/2021;ZONA SUL;BANCO DAYCOVAL S.A.;Assuntos Financeiros;CONCLUÍDA;Online
16/04/2021;ZONA NORTE;ASSOCIACAO CRISTA DE MOCOS DE SAO PAULO;Não Informado;CANCELADA PELO CONSUMIDOR;Online
19/04/2021;ZONA OESTE;LAMP ACADEMIA DE GINASTICA LTDA;Serviços Privados;CONCLUÍDA;Online
19/04/2021;NÃO INFORMADO;DUBAI-TUR TRANSPORTES LTDA;Serviços Privados;CONCLUÍDA;Online
19/04/2021;ZONA SUL;CLARO S.A.;Serviços Essenciais;CONCLUÍDA;Online
19/04/2021;ZONA NORTE;SMARTFIT ESCOLA DE GINASTICA E DANCA S.A;Serviços Privados;CONCLUÍDA;Online
20/04/2021;FORA DA CIDADE DE SÃO PAULO;LOJAS AMERICANAS S.A.;Produtos;CONCLUÍDA;Online
20/04/2021;ZONA LESTE;FORLIFE SUZANO INCORPORADORA SPE LTDA;Habitação;CONCLUÍDA;Online
20/04/2021;NÃO INFORMADO;REI DA OFERTA COMERCIO EM GERAL LTDA;Produtos;CONCLUÍDA;Online
20/04/2021;FORA DA CIDADE DE SÃO PAULO;VITA BE COSMETICOS LTDA;Produtos;CONCLUÍDA;Online
20/04/2021;ZONA SUL;CONCORDIA LOCADORA DE VEICULOS E SERVICOS LTDA;Serviços Privados;CONCLUÍDA;Online
20/04/2021;FORA DA CIDADE DE SÃO PAULO;TELEFONICA BRASIL S.A.;Serviços Essenciais;CONCLUÍDA;Online
20/04/2021;ZONA LESTE;ELETROPAULO METROPOLITANA ELETRICIDADE DE SAO PAULO S.A.;Serviços Essenciais;CONCLUÍDA;Online
20/04/2021;ZONA LESTE;ELETROPAULO METROPOLITANA ELETRICIDADE DE SAO PAULO S.A.;Serviços Essenciais;CONCLUÍDA;Online
20/04/2021;ZONA NORTE;BOM NEGOCIO ATIVIDADES DE INTERNET LTDA;Produtos;CONCLUÍDA;Online
21/04/2021;ZONA SUL;BANCO SANTANDER (BRASIL) S.A.;Assuntos Financeiros;CONCLUÍDA;Online
21/04/2021;ZONA SUL;BANCO SANTANDER (BRASIL) S.A.;Assuntos Financeiros;CONCLUÍDA;Online
21/04/2021;ZONA SUL;APPLE COMPUTER BRASIL LTDA;Produtos;CONCLUÍDA;Online
22/04/2021;ZONA NORTE;DR. CONSULTA CENTRO MEDICO LTDA;Saúde;EM PROCESSAMENTO;Online
22/04/2021;ZONA OESTE;TIM S A;Serviços Essenciais;CONCLUÍDA;Online
22/04/2021;ZONA SUL;BANCO SANTANDER (BRASIL) S.A.;Assuntos Financeiros;CONCLUÍDA;Online
22/04/2021;FORA DA CIDADE DE SÃO PAULO;SECRETARIA MUNICIPAL DA FAZENDA;Serviços Essenciais;CONCLUÍDA;Online
22/04/2021;ZONA SUL;IFOOD.COM AGENCIA DE RESTAURANTES ONLINE S.A.;Alimentos;CONCLUÍDA;Online
22/04/2021;ZONA NORTE;BRASIL CARD MEIOS DE PAGAMENTOS LTDA;Assuntos Financeiros;CONCLUÍDA;Online
22/04/2021;FORA DA CIDADE DE SÃO PAULO;THABER DECOR COMERCIO DE DECORACOES LTDA;Produtos;CONCLUÍDA;Online
23/04/2021;ZONA LESTE;ASSUPERO ENSINO SUPERIOR LTDA.;Serviços Privados;FINALIZADA;Online
24/04/2021;ZONA LESTE;APPLE COMPUTER BRASIL LTDA;Produtos;CONCLUÍDA;Online
24/04/2021;ZONA LESTE;BP PROMOTORA DE VENDAS LTDA.;Assuntos Financeiros;CONCLUÍDA;Online
25/04/2021;CENTRO;DECOLAR. COM LTDA.;Serviços Privados;CONCLUÍDA;Online
26/04/2021;CENTRO;CONSERTA SACADA LTDA;Produtos;FINALIZADA;Online
26/04/2021;ZONA NORTE;CARTAO DE TODOS DE SANTO ANDRE ADMINISTRADORA DE CARTOES LTDA;Assuntos Financeiros;CONCLUÍDA;Online
27/042021;FORA DA CIDADE DE SÃO PAULO;ANHANGUERA EDUCACIONAL PARTICIPACOES S/A;Serviços Privados;CONCLUÍDA;Online
27/04/2021;ZONA LESTE;PABLO FERREIRA PERPETUO (ME);Serviços Privados;FINALIZADA;Online
28/04/2021;ZONA NORTE;ELETROPAULO METROPOLITANA ELETRICIDADE DE SAO PAULO S.A.;Serviços Essenciais;CONCLUÍDA;Online
28/04/2021;ZONA SUL;DEPARTAMENTO ESTADUAL DE TRANSITO;Serviços Essenciais;CONCLUÍDA;Online
28/04/2021;FORA DA CIDADE DE SÃO PAULO;PAGSEGURO INTERNET S.A.;Assuntos Financeiros;CONCLUÍDA;Online
29/04/2021;FORA DA CIDADE DE SÃO PAULO;NÃO INFORMADO;Serviços Privados;CONCLUÍDA;Online
29/04/2021;ZONA NORTE;ANHANGUERA EDUCACIONAL PARTICIPACOES S/A;Serviços Privados;CONCLUÍDA;Online
29/04/2021;ZONA NORTE;BIOMATER BIOPLASTICOS COMERCIAL, IMPORTADORA E EXPORTADORA LTDA;Produtos;EM PROCESSAMENTO;Online
01/05/2021;CENTRO;C&A MODAS S.A.;Produtos;CONCLUÍDA;Online
02/05/2021;FORA DA CIDADE DE SÃO PAULO;APPLE COMPUTER BRASIL LTDA;Produtos;CONCLUÍDA;Online
02/05/2021;FORA DA CIDADE DE SÃO PAULO;PICPAY SERVICOS S.A;Assuntos Financeiros;CONCLUÍDA;Online
03/05/2021;ZONA LESTE;UBER DO BRASIL TECNOLOGIA LTDA.;Assuntos Financeiros;EM PROCESSAMENTO;Online
03/05/2021;ZONA SUL;SMARTFIT ESCOLA DE GINASTICA E DANCA S.A;Serviços Privados;CONCLUÍDA;Online
03/05/2021;ZONA SUL;ATELEX DO BRASIL TELECOMUNICACOES LTDA;Serviços Privados;CONCLUÍDA;Online
03/05/2021;ZONA LESTE;TELEFONICA BRASIL S.A.;Serviços Essenciais;EM PROCESSAMENTO;Online
03/05/2021;FORA DA CIDADE DE SÃO PAULO;MOBLY S.A.;Produtos;CONCLUÍDA;Online
04/05/2021;ZONA SUL;SUL AMERICA COMPANHIA DE SEGURO SAUDE;Saúde;CONCLUÍDA;Online
04/05/2021;NÃO INFORMADO;HP BRASIL INDUSTRIA E COMERCIO DE EQUIPAMENTOS ELETRONICOS LTDA;Produtos;CONCLUÍDA;Online
04/05/2021;FORA DA CIDADE DE SÃO PAULO;UBER DO BRASIL TECNOLOGIA LTDA.;Produtos;CONCLUÍDA;Online
05/05/2021;ZONA OESTE;RAPPI BRASIL INTERMEDIACAO DE NEGOCIOS LTDA;Serviços Privados;CONCLUÍDA;Online
05/05/2021;ZONA OESTE;LEANDRO BORGES MIRANDA - ME;Produtos;CONCLUÍDA;Online
05/05/2021;FORA DA CIDADE DE SÃO PAULO;NS2.COM INTERNET S.A.;Produtos;CONCLUÍDA;Online
05/05/2021;ZONA SUL;VSL EMPREENDIMENTOS EM VENDAS DIGITAIS LTDA;Produtos;CONCLUÍDA;Online
06/05/2021;CENTRO;TELEFONICA BRASIL S.A.;Serviços Essenciais;CONCLUÍDA;Online
07/05/2021;ZONA NORTE;BANCO C6 CONSIGNADO S.A.;Assuntos Financeiros;CONCLUÍDA;Online
07/05/2021;ZONA NORTE;BANCO MERCANTIL DO BRASIL SA;Assuntos Financeiros;CONCLUÍDA;Online
09/05/2021;ZONA LESTE;UBER DO BRASIL TECNOLOGIA LTDA.;Serviços Privados;CONCLUÍDA;Online
09/05/2021;ZONA NORTE;ELIANE MARTINS ANTUNES TEIXEIRA ME;Produtos;FINALIZADA;Online
09/05/2021;ZONA LESTE;A.M.A. COMERCIAL LTDA;Produtos;CONCLUÍDA;Online
11/05/2021;FORA DA CIDADE DE SÃO PAULO;PAGSEGURO INTERNET S.A.;Serviços Privados;CONCLUÍDA;Online
12/05/2021;NÃO INFORMADO;MERCADOPAGO.COM REPRESENTACOES LTDA.;Serviços Privados;CONCLUÍDA;Online
12/05/2021;FORA DA CIDADE DE SÃO PAULO;BB ADMINISTRADORA DE CONSORCIOS S.A.;Assuntos Financeiros;CONCLUÍDA;Online
12/05/2021;ZONA SUL;ESMALTEC S/A;Produtos;CONCLUÍDA;Online
13/05/2021;FORA DA CIDADE DE SÃO PAULO;SONIA OLIVEIRA BRANDAO ME;Produtos;CONCLUÍDA;Online
13/05/2021;ZONA LESTE;LG ELECTRONICS DO BRASIL LTDA;Produtos;CONCLUÍDA;Online
14/05/2021;ZONA NORTE;ELETROPAULO METROPOLITANA ELETRICIDADE DE SAO PAULO S.A.;Serviços Essenciais;CONCLUÍDA;Online
14/05/2021;ZONA LESTE;TELEFONICA BRASIL S.A.;Serviços Essenciais;CONCLUÍDA;Online
15/05/2021;CENTRO;UNIVERSO ONLINE S/A;Serviços Privados;CONCLUÍDA;Online
15/05/2021;NÃO INFORMADO;MAGOTE SERVICOS DE INTERMEDIACAO FINANCEIRA E PARTICIPACOES LTDA;Assuntos Financeiros;CONCLUÍDA;Online
16/05/2021;ZONA OESTE;FACI.LY SOLUCOES E TECNOLOGIA LTDA.;Produtos;CONCLUÍDA;Online
17/05/2021;ZONA SUL;BYTEDANCE BRASIL TECNOLOGIA LTDA.;Serviços Privados;CONCLUÍDA;Online
17/05/2021;ZONA LESTE;TV OMEGA LTDA.;Serviços Privados;CONCLUÍDA;Online
18/05/2021;ZONA SUL;VIA VAREJO S/A;Produtos;CONCLUÍDA;Online
18/05/2021;ZONA OESTE;BANCO C6 CONSIGNADO S.A.;Assuntos Financeiros;EM PROCESSAMENTO;Online
18/05/2021;ZONA SUL;ROBSON & MATHEUS COMERCIO DE VEICULOS LTDA;Produtos;CONCLUÍDA;Online
18/05/2021;NÃO INFORMADO;UBER DO BRASIL TECNOLOGIA LTDA.;Serviços Privados;CONCLUÍDA;Online
19/05/2021;FORA DA CIDADE DE SÃO PAULO;VIA VAREJO S/A;Produtos;CONCLUÍDA;Online
19/05/2021;FORA DA CIDADE DE SÃO PAULO;C&A MODAS S.A.;Produtos;CONCLUÍDA;Online
19/05/2021;NÃO INFORMADO;NU PAGAMENTOS S.A.;Assuntos Financeiros;CONCLUÍDA;Online
19/05/2021;ZONA SUL;WALLACE SOUSA SILVA ME;Serviços Privados;CONCLUÍDA;Online
20/05/2021;ZONA OESTE;FC ASSESSORIA ADMINISTRATIVA EIRELI;Serviços Privados;CONCLUÍDA;Online
20/05/2021;CENTRO;TAM LINHAS AEREAS S/A.;Serviços Privados;FINALIZADA;Online
20/05/2021;ZONA NORTE;UNIDAS S.A.;Serviços Privados;CONCLUÍDA;Online
20/05/2021;ZONA SUL;CIA DE SANEAMENTO BASICO DO ESTADO DE SAO PAULO SABESP;Serviços Essenciais;CONCLUÍDA;Online
20/05/2021;NÃO INFORMADO;BANCO CSF S/A;Assuntos Financeiros;CONCLUÍDA;Online
21/05/2021;FORA DA CIDADE DE SÃO PAULO;GUEL FASHION;Não Informado;CONCLUÍDA;Online
21/05/2021;ZONA SUL;MERCADOLIVRE.COM ATIVIDADES DE INTERNET LTDA;Produtos;CONCLUÍDA;Online
22/05/2021;ZONA LESTE;TIM S A;Serviços Essenciais;CONCLUÍDA;Online
22/05/2021;ZONA LESTE;INSTITUTO DE EDUCACAO SECULO XXI LTDA;Serviços Privados;CONCLUÍDA;Online
23/05/2021;ZONA LESTE;FACI.LY SOLUCOES E TECNOLOGIA LTDA.;Serviços Privados;CONCLUÍDA;Online
25/05/2021;ZONA LESTE;GESTUAL AGENCIA DE MODELOS LTDA;Serviços Privados;EM PROCESSAMENTO;Online
25/05/2021;NÃO INFORMADO;ULTRA FACIL CLINICA DE ODONTOLOGIA AMADOR BUENO LTDA.;Saúde;CONCLUÍDA;Online
25/05/2021;ZONA LESTE;SUPERMERCADO ROSSI NEW LTDA;Produtos;FINALIZADA;Online
25/05/2021;FORA DA CIDADE DE SÃO PAULO;WHIRLPOOL ELETRODOMESTICOS AM S.A.;Produtos;CONCLUÍDA;Online
25/05/2021;ZONA SUL;PAYPAL DO BRASIL SERVICOS DE PAGAMENTOS LTDA.;Assuntos Financeiros;CONCLUÍDA;Online
26/05/2021;FORA DA CIDADE DE SÃO PAULO;ACSCBR ASSESSORIA E APOIO ADMINISTRATIVO LTDA;Serviços Privados;CONCLUÍDA;Online
26/05/2021;ZONA LESTE;LOJAS RIACHUELO SA;Produtos;CONCLUÍDA;Online
26/05/2021;ZONA SUL;ELETROPAULO METROPOLITANA ELETRICIDADE DE SAO PAULO S.A.;Serviços Essenciais;CONCLUÍDA;Online
26/05/2021;CENTRO;INSTITUTO PRESBITERIANO MACKENZIE;Serviços Privados;CANCELADA PELO CONSUMIDOR;Online
26/05/2021;ZONA SUL;QUALICORP ADMINISTRADORA DE BENEFICIOS S.A.;Saúde;CONCLUÍDA;Online
26/05/2021;NÃO INFORMADO;TIM S A;Serviços Essenciais;CONCLUÍDA;Online
27/05/2021;CENTRO;LUWA ARTIGOS PARA DANCA E ESPORTES LTDA;Produtos;CONCLUÍDA;Online
27/05/2021;ZONA LESTE;APPLE COMPUTER BRASIL LTDA;Produtos;CONCLUÍDA;Online
27/05/2021;CENTRO;LOJAS AMERICANAS S.A.;Produtos;CONCLUÍDA;Online
27/05/2021;ZONA SUL;SAMSUNG ELETRONICA DA AMAZONIA LTDA;Produtos;CONCLUÍDA;Online
27/05/2021;ZONA OESTE;C MARIANO VEICULOS EIRELI;Produtos;CONCLUÍDA;Online
28/05/2021;CENTRO;BANCO SANTANDER (BRASIL) S.A.;Assuntos Financeiros;CONCLUÍDA;Online
28/05/2021;NÃO INFORMADO;MAGOTE SERVICOS DE INTERMEDIACAO FINANCEIRA E PARTICIPACOES LTDA;Serviços Privados;FINALIZADA;Online
29/05/2021;FORA DA CIDADE DE SÃO PAULO;UANDREY MARTINS RUFINO ME;Serviços Privados;CONCLUÍDA;Online
31/05/2021;ZONA OESTE;ELETROPAULO METROPOLITANA ELETRICIDADE DE SAO PAULO S.A.;Serviços Essenciais;CONCLUÍDA;Online
31/05/2021;CENTRO;EMPRESA BRASILEIRA DE CORREIOS E TELEGRAFOS;Serviços Essenciais;CONCLUÍDA;Online
31/05/2021;FORA DA CIDADE DE SÃO PAULO;NÃO INFORMADO;Não Informado;CONCLUÍDA;Online
31/05/2021;FORA DA CIDADE DE SÃO PAULO;VIA VAREJO S/A;Produtos;CONCLUÍDA;Online
31/05/2021;ZONA OESTE;B2W COMPANHIA DIGITAL;Produtos;CONCLUÍDA;Online
31/05/2021;ZONA OESTE;MK ELETRODOMESTICOS MONDIAL S.A.;Produtos;CONCLUÍDA;Online
31/05/2021;ZONA LESTE;LOJA TA CHEGANDO.COM;Produtos;CONCLUÍDA;Online
31/05/2021;ZONA NORTE;CIA DE SANEAMENTO BASICO DO ESTADO DE SAO PAULO SABESP;Serviços Essenciais;CONCLUÍDA;Online
01/06/2021;ZONA LESTE;NÃO INFORMADO;Não Informado;CONCLUÍDA;Online
01/06/2021;ZONA OESTE;BANCO MERCANTIL DO BRASIL SA;Assuntos Financeiros;CONCLUÍDA;Online
02/06/2021;ZONA SUL;CLARO S.A.;Serviços Essenciais;CONCLUÍDA;Online
02/06/2021;FORA DA CIDADE DE SÃO PAULO;ANHANGUERA EDUCACIONAL PARTICIPACOES S/A;Serviços Privados;CONCLUÍDA;Online
02/06/2021;FORA DA CIDADE DE SÃO PAULO;ANHANGUERA EDUCACIONAL PARTICIPACOES S/A;Serviços Privados;CONCLUÍDA;Online
02/06/2021;ZONA LESTE;PADARIA LOPES;Produtos;CONCLUÍDA;Online
02/06/2021;ZONA NORTE;DELL COMPUTADORES DO BRASIL LTDA;Produtos;CONCLUÍDA;Online
03/06/2021;ZONA SUL;A.L. CAMARGOS ACOUGUE;Serviços Privados;CONCLUÍDA;Online
04/06/2021;ZONA NORTE;ROYAL PETS COMERCIO DE ARTIGOS DE PETSHOP LTDA;Produtos;CONCLUÍDA;Online
05/06/2021;ZONA OESTE;SERTTEL SOLUCOES EM MOBILIDADE E SEGURANCA URBANA LTDA.;Serviços Privados;CONCLUÍDA;Online
06/06/2021;ZONA NORTE;ENJOEI.COM.BR ATIVIDADES DE INTERNET S.A.;Serviços Privados;CONCLUÍDA;Online
07/06/2021;ZONA OESTE;TELEFONICA BRASIL S.A.;Serviços Essenciais;CONCLUÍDA;Online
07/06/2021;FORA DA CIDADE DE SÃO PAULO;ANA AMELIA ASSIS DE OLIVEIRA ME;Produtos;CONCLUÍDA;Online
07/06/2021;ZONA OESTE;CLINICA DR PARA TODOS EIRELI;Saúde;CONCLUÍDA;Online
07/06/2021;NÃO INFORMADO;LOJAS AMERICANAS S.A.;Produtos;CONCLUÍDA;Online
07/06/2021;ZONA NORTE;ENJOEI.COM.BR ATIVIDADES DE INTERNET S.A.;Serviços Privados;CONCLUÍDA;Online
07/06/2021;ZONA NORTE;ENJOEI.COM.BR ATIVIDADES DE INTERNET S.A.;Serviços Privados;CONCLUÍDA;Online
07/06/2021;ZONA LESTE;VK DISTRIBUIDOR LTDA;Produtos;CONCLUÍDA;Online
08/06/2021;ZONA NORTE;B2W COMPANHIA DIGITAL;Produtos;CONCLUÍDA;Online
08/06/2021;ZONA SUL;BANQI INSTITUICAO DE PAGAMENTO LTDA.;Assuntos Financeiros;CONCLUÍDA;Online
08/06/2021;ZONA LESTE;ELETROPAULO METROPOLITANA ELETRICIDADE DE SAO PAULO S.A.;Serviços Essenciais;CONCLUÍDA;Online
09/06/2021;ZONA NORTE;ELETROPAULO METROPOLITANA ELETRICIDADE DE SAO PAULO S.A.;Serviços Essenciais;CONCLUÍDA;Online
09/06/2021;FORA DA CIDADE DE SÃO PAULO;LEANDRO URBANO DA SILVA ME;Produtos;CONCLUÍDA;Online
10/06/2021;ZONA LESTE;ALIPAY BRASIL MEIOS DE PAGAMENTO LTDA.;Produtos;CONCLUÍDA;Online
10/06/2021;CENTRO;JESSICA G C SCALONA - PF;Habitação;CONCLUÍDA;Online
11/06/2021;ZONA LESTE;WHIRLPOOL S.A;Produtos;CONCLUÍDA;Online
11/06/2021;FORA DA CIDADE DE SÃO PAULO;FACI.LY SOLUCOES E TECNOLOGIA LTDA.;Serviços Privados;CONCLUÍDA;Online
11/06/2021;ZONA NORTE;ELETROPAULO METROPOLITANA ELETRICIDADE DE SAO PAULO S.A.;Serviços Essenciais;CONCLUÍDA;Online
11/06/2021;ZONA LESTE;LIDA DAIDAIHUA;Não Informado;CONCLUÍDA;Online
14/06/2021;ZONA LESTE;CLARO S.A.;Serviços Essenciais;EM PROCESSAMENTO;Online
14/06/2021;FORA DA CIDADE DE SÃO PAULO;FACI.LY SOLUCOES E TECNOLOGIA LTDA.;Serviços Privados;CONCLUÍDA;Online
15/06/2021;NÃO INFORMADO;99 TECNOLOGIA LTDA;Serviços Privados;CONCLUÍDA;Online
15/06/2021;ZONA OESTE;POSTO DE SERVICOS AUTOMOTIVOS GALAPAGOS EIRELI;Serviços Privados;FINALIZADA;Online
15/06/2021;ZONA LESTE;B2W COMPANHIA DIGITAL;Produtos;CONCLUÍDA;Online
16/06/2021;FORA DA CIDADE DE SÃO PAULO;SOCIEDADE DE ENSINO SUPERIOR ESTACIO DE SA LTDA;Serviços Privados;CONCLUÍDA;Online
16/06/2021;ZONA LESTE;FACI.LY SOLUCOES E TECNOLOGIA LTDA.;Serviços Privados;CONCLUÍDA;Online
16/06/2021;CENTRO;AMAZING BRASIL COMERCIO, IMPORTACAO E EXPORTACAO DE PRODUTOS ELETRONICOS LTDA;Produtos;CONCLUÍDA;Online
16/06/2021;FORA DA CIDADE DE SÃO PAULO;MOTOROLA MOBILITY COMERCIO DE PRODUTOS ELETRONICOS LTDA;Produtos;CONCLUÍDA;Online
16/06/2021;ZONA SUL;ROYAL WASH LAVANDERIA E TINTURARIA LTDA;Serviços Privados;CONCLUÍDA;Online
17/06/2021;CENTRO;BANCO BRADESCO S.A.;Assuntos Financeiros;CONCLUÍDA;Online
17/06/2021;ZONA LESTE;BANCO SANTANDER (BRASIL) S.A.;Assuntos Financeiros;CONCLUÍDA;Online
17/06/2021;ZONA NORTE;ANHANGUERA EDUCACIONAL PARTICIPACOES S/A;Serviços Privados;CONCLUÍDA;Online
17/06/2021;CENTRO;MANDIC S.A.;Assuntos Financeiros;CONCLUÍDA;Online
18/06/2021;ZONA SUL;MERCADOPAGO.COM REPRESENTACOES LTDA.;Assuntos Financeiros;CONCLUÍDA;Online
19/06/2021;ZONA LESTE;TELEFONICA BRASIL S.A.;Serviços Essenciais;CONCLUÍDA;Online
19/06/2021;ZONA SUL;MERCADOPAGO.COM REPRESENTACOES LTDA.;Produtos;CONCLUÍDA;Online
20/06/2021;ZONA OESTE;RAPPI BRASIL INTERMEDIACAO DE NEGOCIOS LTDA;Serviços Privados;CONCLUÍDA;Online
21/06/2021;ZONA LESTE;SECID - SOCIEDADE EDUCACIONAL CIDADE DE SAO PAULO S.A.;Serviços Privados;CONCLUÍDA;Online
21/06/2021;ZONA NORTE;ANHANGUERA EDUCACIONAL PARTICIPACOES S/A;Serviços Privados;CONCLUÍDA;Online
21/06/2021;FORA DA CIDADE DE SÃO PAULO;BLOCCO CONSTRUTORA E INCORPORADORA LTDA.;Habitação;CONCLUÍDA;Online
21/06/2021;ZONA SUL;BANCO DO BRASIL SA;Assuntos Financeiros;CONCLUÍDA;Online
22/06/2021;ZONA NORTE;CARREFOUR COMERCIO E INDUSTRIA LTDA;Produtos;CONCLUÍDA;Online
22/06/2021;ZONA NORTE;SECID - SOCIEDADE EDUCACIONAL CIDADE DE SAO PAULO S.A.;Serviços Privados;EM PROCESSAMENTO;Online
22/06/2021;ZONA LESTE;FACI.LY SOLUCOES E TECNOLOGIA LTDA.;Serviços Privados;CONCLUÍDA;Online
22/06/2021;ZONA NORTE;STREAMCO DISTRIBUICAO DE VIDEO BRASIL LTDA;Serviços Privados;EM PROCESSAMENTO;Online
23/06/2021;FORA DA CIDADE DE SÃO PAULO;MERCADOPAGO.COM REPRESENTACOES LTDA.;Serviços Privados;CONCLUÍDA;Online
23/06/2021;ZONA SUL;FACI.LY SOLUCOES E TECNOLOGIA LTDA.;Serviços Privados;FINALIZADA;Online
24/06/2021;ZONA LESTE;FORD MOTOR COMPANY BRASIL LTDA;Serviços Privados;CONCLUÍDA;Online
24/06/2021;ZONA OESTE;CASAS FREIRE. COM COMERCIAL DE ELETRODOMESTICOS LTDA;Produtos;CONCLUÍDA;Online
24/06/2021;ZONA NORTE;CARREFOUR COMERCIO E INDUSTRIA LTDA;Assuntos Financeiros;CONCLUÍDA;Online
24/06/2021;ZONA OESTE;TVLX VIAGENS E TURISMO S/A;Serviços Privados;CONCLUÍDA;Online
25/06/2021;ZONA NORTE;ERIK CANDIDO GALDINO ME;Serviços Privados;EM PROCESSAMENTO;Online
26/06/2021;ZONA LESTE;GOOGLE BRASIL INTERNET LTDA.;Serviços Privados;CONCLUÍDA;Online
28/06/2021;ZONA SUL;DECOLAR. COM LTDA.;Serviços Privados;CONCLUÍDA;Online
29/06/2021;NÃO INFORMADO;CRED - SYSTEM ADMINISTRADORA DE CARTOES DE CREDITO LTDA;Serviços Privados;CONCLUÍDA;Online
30/06/2021;ZONA OESTE;EMPRESA BRASILEIRA DE CORREIOS E TELEGRAFOS;Serviços Essenciais;CONCLUÍDA;Online
01/07/2021;ZONA SUL;SONDA SUPERMERCADOS EXPORTACAO E IMPORTACAO S.A.;Alimentos;CONCLUÍDA;Online
02/07/2021;ZONA SUL;CLARO S.A.;Serviços Essenciais;CONCLUÍDA;Online
05/07/2021;ZONA OESTE;SERTTEL SOLUCOES EM MOBILIDADE E SEGURANCA URBANA LTDA;Serviços Privados;CONCLUÍDA;Online
06/07/2021;CENTRO;BANCO ORIGINAL S/A;Assuntos Financeiros;CONCLUÍDA;Online
06/07/2021;ZONA OESTE;BANCO MERCANTIL DO BRASIL SA;Assuntos Financeiros;EM PROCESSAMENTO;Online
07/07/2021;NÃO INFORMADO;ADT SERVICOS DE MONITORAMENTO LTDA;Serviços Privados;EM PROCESSAMENTO;Online
07/09/2021;FORA DA CIDADE DE SÃO PAULO;CAEDU COMERCIO VAREJISTA DE ARTIGOS DO VESTUARIO SA;Produtos;CONCLUÍDA;Online
12/07/2021;ZONA LESTE;MEU MEI ASSESSORIA LTDA;Serviços Privados;CONCLUÍDA;Online
12/07/2021;ZONA OESTE;EMPRESA BRASILEIRA DE CORREIOS E TELEGRAFOS;Serviços Essenciais;CONCLUÍDA;Online
14/07/2021;ZONA LESTE;IBAZAR.COM ATIVIDADES DE INTERNET LTDA.;Serviços Privados;CONCLUÍDA;Online
15/07/2021;ZONA LESTE;GETNINJAS S.A;Serviços Privados;EM PROCESSAMENTO;Online
15/07/2021;NÃO INFORMADO;NS2.COM INTERNET S.A.;Produtos;CONCLUÍDA;Online
20/07/2021;CENTRO;ISCP - SOCIEDADE EDUCACIONAL LTDA - UNIVERSIDADE ANHEMBI MORUMBI;Serviços Essenciais;EM PROCESSAMENTO;Online
20/07/2021;ZONA SUL;JPL ESTETICA LTDA;Serviços Privados;EM PROCESSAMENTO;Online
21/07/2021;ZONA LESTE;ELETROPAULO METROPOLITANA ELETRICIDADE DE SAO PAULO S.A.;Serviços Essenciais;CONCLUÍDA;Online
23/07/2021;ZONA NORTE;DISTRIBUIDORA DE VIDROS SANTANA EIRELI;Produtos;EM PROCESSAMENTO;Presencial
23/07/2021;FORA DA CIDADE DE SÃO PAULO;RIO COA;Serviços Privados;CONCLUÍDA;Online
26/07/2021;NÃO INFORMADO;NU PAGAMENTOS S.A. - INSTITUICAO DE PAGAMENTO;Assuntos Financeiros;EM PROCESSAMENTO;Online
26/07/2021;NÃO INFORMADO;SKY AIRLINE S.A.;Serviços Privados;EM PROCESSAMENTO;Online
26/07/2021;ZONA NORTE;MARCO MOVEIS PLANEJADOS EIRELI;Serviços Privados;EM PROCESSAMENTO;Online
26/07/2021;ZONA OESTE;MATHEUS JULIO RODRIGUES 24180776839 - HYPE PUBLICITY;Serviços Privados;EM PROCESSAMENTO;Online
27/07/2021;ZONA LESTE;AUTO POSTO RIO COA LTDA;Serviços Privados;EM PROCESSAMENTO;Online
27/07/2021;ZONA SUL;CLARO NXT TELECOMUNICACOES LTDA;Serviços Privados;CONCLUÍDA;Online
27/07/2021;ZONA SUL;BANCO ITAUCARD S.A.;Assuntos Financeiros;CONCLUÍDA;Online
28/07/2021;ZONA NORTE;MATHEUS JULIO RODRIGUES 24180776839 - HYPE PUBLICITY;Serviços Privados;EM PROCESSAMENTO;Presencial
28/07/2021;NÃO INFORMADO;PAGBRASIL PAGAMENTOS ELETRONICOS LTDA;Produtos;EM PROCESSAMENTO;Online
28/07/2021;NÃO INFORMADO;WB STATION BURGER - EIRELI;Produtos;EM PROCESSAMENTO;Online
28/07/2021;ZONA SUL;MERCADOPAGO.COM REPRESENTACOES LTDA.;Assuntos Financeiros;CONCLUÍDA;Online
29/07/2021;ZONA LESTE;ELETROPAULO METROPOLITANA ELETRICIDADE DE SAO PAULO S.A.;Serviços Essenciais;CONCLUÍDA;Online
30/07/2021;FORA DA CIDADE DE SÃO PAULO;EMPRESA BRASILEIRA DE BEBIDAS E ALIMENTOS S/A;Produtos;CONCLUÍDA;Online
30/07/2021;ZONA SUL;ELETROPAULO METROPOLITANA ELETRICIDADE DE SAO PAULO S.A.;Serviços Essenciais;CONCLUÍDA;Online
30/07/2021;NÃO INFORMADO;FACI.LY SOLUCOES E TECNOLOGIA LTDA.;Produtos;EM PROCESSAMENTO;Online
30/07/2021;ZONA SUL;CREDITO PLANEJADO LTDA;Assuntos Financeiros;EM PROCESSAMENTO;Presencial
31/07/2021;NÃO INFORMADO;FACI.LY SOLUCOES E TECNOLOGIA LTDA.;Produtos;EM PROCESSAMENTO;Online
31/07/2021;CENTRO;BANCO ORIGINAL S/A;Assuntos Financeiros;EM PROCESSAMENTO;Online
01/08/2021;ZONA OESTE;VIVO S.A.;Serviços Essenciais;CONCLUÍDA;Online
02/08/2021;ZONA SUL;CLARO S.A.;Serviços Essenciais;EM PROCESSAMENTO;Online
02/08/2021;FORA DA CIDADE DE SÃO PAULO;U.C SPA E BELEZA LTDA;Serviços Privados;CONCLUÍDA;Online
03/08/2021;ZONA OESTE;D JUAN COLCHOES INDUSTRIA, COMERCIO E SERVICOS TEXTEIS LTDA;Produtos;EM PROCESSAMENTO;Online
03/08/2021;ZONA LESTE;CENTRO DE FORMACAO DE CONDUTORES A & B ROBLES TATUAPE LTDA;Serviços Privados;CONCLUÍDA;Online
04/08/2021;ZONA LESTE;ELETROPAULO METROPOLITANA ELETRICIDADE DE SAO PAULO S.A.;Serviços Essenciais;CONCLUÍDA;Online
04/08/2021;ZONA SUL;LG ELECTRONICS DO BRASIL LTDA;Produtos;CONCLUÍDA;Online
04/08/2021;ZONA LESTE;U.C SPA E BELEZA LTDA;Serviços Privados;EM PROCESSAMENTO;Online
05/08/2021;ZONA NORTE;ELETROPAULO METROPOLITANA ELETRICIDADE DE SAO PAULO S.A.;Serviços Essenciais;CONCLUÍDA;Online
05/08/2021;ZONA SUL;PAGBRASIL PAGAMENTOS ELETRONICOS LTDA;Produtos;CONCLUÍDA;Online
05/08/2021;FORA DA CIDADE DE SÃO PAULO;VIVO S.A.;Serviços Essenciais;CONCLUÍDA;Online
05/08/2021;NÃO INFORMADO;ANA LUIZA FIGUEIRO ME;Produtos;CONCLUÍDA;Online
06/08/2021;ZONA SUL;DECOLAR. COM LTDA;Serviços Privados;CONCLUÍDA;Online
06/08/2021;ZONA OESTE;INOVAR MAGAZINE EIRELI;Produtos;EM PROCESSAMENTO;Online
08/08/2021;CENTRO;TRANSPORTES AEREOS PORTUGUESES SA;Serviços Privados;CONCLUÍDA;Online
08/08/2021;FORA DA CIDADE DE SÃO PAULO;CASA BAHIA COMERCIAL LTDA.;Produtos;CONCLUÍDA;Online
09/08/2021;ZONA SUL;A. G. RUCHET EXPRESS DELIVERY;Serviços Privados;EM PROCESSAMENTO;Online
09/08/2021;CENTRO;OI MOVEL S.A. - EM RECUPERACAO JUDICIAL;Serviços Essenciais;CONCLUÍDA;Online
09/08/2021;ZONA SUL;BUD COMERCIO DE ELETRODOMESTICOS LTDA - CONSUL S.A;Produtos;CONCLUÍDA;Online
09/08/2021;CENTRO;MUNDIVOX COMUNICACOES LTDA;Serviços Privados;EM PROCESSAMENTO;Online
10/08/2021;ZONA LESTE;ISCP - SOCIEDADE EDUCACIONAL LTDA.;Serviços Privados;CONCLUÍDA;Online
10/08/2021;FORA DA CIDADE DE SÃO PAULO;SOCIEDADE EDUCACIONAL BRAZ CUBAS LTDA.;Serviços Privados;EM PROCESSAMENTO;Presencial
12/08/2021;ZONA NORTE;GATTI & SOL BUFFET E EVENTOS LTDA;Serviços Privados;EM PROCESSAMENTO;Presencial
12/08/2021;ZONA SUL;ZURICH MINAS BRASIL SEGUROS S.A.;Serviços Privados;CONCLUÍDA;Online
16/08/2021;ZONA SUL;LENOVO COMERCIAL E DISTRIBUICAO LIMITADA;Produtos;CONCLUÍDA;Online
16/08/2021;ZONA SUL;LENOVO COMERCIAL E DISTRIBUICAO LIMITADA;Produtos;CONCLUÍDA;Online
17/08/2021;ZONA SUL;BANCO DO BRASIL SA;Serviços Privados;CONCLUÍDA;Presencial
17/08/2021;ZONA SUL;MITRA DIOCESANA DE CAMPO LIMPO;Serviços Privados;FINALIZADA;Online
17/08/2021;ZONA SUL;PRO-ESCOLA DE GINASTICA EIRELI;Serviços Privados;EM PROCESSAMENTO;Online
18/08/2021;ZONA LESTE;FACI.LY SOLUCOES E TECNOLOGIA LTDA.;Produtos;EM PROCESSAMENTO;Online
18/08/2021;NÃO INFORMADO;CARRIJO IMOVEIS E EMPREENDIMENTOS LTDA;Serviços Essenciais;CONCLUÍDA;Online
19/08/2021;ZONA NORTE;ENJOEI S.A;Produtos;CONCLUÍDA;Online
19/08/2021;ZONA SUL;BOM ACORDO RECUPERACAO DE CREDITO EIRELI;Serviços Privados;EM PROCESSAMENTO;Presencial
19/08/2021;FORA DA CIDADE DE SÃO PAULO;RESERVA ADMINISTRADORA DE CONSORCIO LTDA;Assuntos Financeiros;CONCLUÍDA;Online
19/08/2021;ZONA NORTE;ELETROPAULO METROPOLITANA ELETRICIDADE DE SAO PAULO S.A.;Serviços Essenciais;CONCLUÍDA;Online
20/08/2021;ZONA LESTE;FS ONLINE VENTURE EIRELI;Produtos;EM PROCESSAMENTO;Online
21/08/2021;ZONA SUL;CLARO S.A.;Serviços Essenciais;CONCLUÍDA;Online
22/08/2021;ZONA NORTE;MAGAZINE LUIZA S/A;Produtos;CONCLUÍDA;Online
23/08/2021;ZONA LESTE;VIVO S.A.;Serviços Essenciais;CONCLUÍDA;Online
24/08/2021;ZONA NORTE;EXTRA.COM;Produtos;CONCLUÍDA;Online
25/08/2021;CENTRO;CENTRO DE FORMACAO DE CONDUTORES A E B SAO PAULO LTDA;Serviços Privados;EM PROCESSAMENTO;Presencial
25/08/2021;NÃO INFORMADO;BANCO C6 S.A.;Serviços Privados;CONCLUÍDA;Online
25/08/2021;CENTRO;HOSPITAL SANTA PAULA S/A;Serviços Essenciais;EM PROCESSAMENTO;Presencial
25/08/2021;ZONA NORTE;FABRINE LUIZA DE LIMA ME;Produtos;CONCLUÍDA;Online
25/08/2021;ZONA NORTE;MATEUS DOS SANTOS MATOS;Produtos;EM PROCESSAMENTO;Online
26/08/2021;CENTRO;OI MOVEL S.A. ;Serviços Essenciais;EM PROCESSAMENTO;Presencial
27/08/2021;ZONA SUL;PITAGORAS - SISTEMA DE EDUCACAO SUPERIOR SOCIEDADE LTDA;Alimentos;EM PROCESSAMENTO;Online
27/08/2021;ZONA SUL;VL COMERCIO DE AUTOS E MOTOS NOVOS E USADOS EIRELLI;Serviços Privados;FINALIZADA;Online
31/08/2021;ZONA LESTE;BECRUX CONSULTORIA EM ATIVOS DE CREDITO LIMITADA;Serviços Privados;CANCELADA PELO CONSUMIDOR;Online
31/08/2021;ZONA LESTE;BECRUX CONSULTORIA EM ATIVOS DE CREDITO LIMITADA;Serviços Privados;CONCLUÍDA;Online
31/08/2021;NÃO INFORMADO;NÃO INFORMADO;Não Informado;CONCLUÍDA;Online
31/08/2021;ZONA LESTE;MSC CRUZEIROS;Serviços Privados;CONCLUÍDA;Online
